City_ID,City,Country,Date,Lat,Lng,Max Temp,Humidity,Cloudiness,Wind Speed
0,Rikitea,PF,2022-07-13 10:59:36,-23.1203,-134.9692,74.19,76,94,9.6
1,Tupik,RU,2022-07-13 10:59:37,54.4253,119.9327,62.73,93,100,3.47
2,Barrow,US,2022-07-13 10:59:37,71.2906,-156.7887,37.42,87,100,10.36
3,Hosakote,IN,2022-07-13 10:59:38,14.2769,77.1699,70.93,87,100,25.68
4,Pala,TD,2022-07-13 10:59:38,9.3642,14.9046,77.25,74,100,3.96
5,Aklavik,CA,2022-07-13 10:59:38,68.2191,-135.0107,37.26,91,41,11.68
6,Atuona,PF,2022-07-13 10:59:39,-9.8,-139.0333,77.74,76,18,20.45
7,Luderitz,NA,2022-07-13 10:59:39,-26.6481,15.1594,66.99,46,0,20.74
8,Abdulino,RU,2022-07-13 10:59:40,53.7,53.6667,87.28,45,72,4.41
9,Puerto Ayora,EC,2022-07-13 10:59:40,-0.7393,-90.3518,69.55,89,79,5.99
10,Urumqi,CN,2022-07-13 10:59:41,43.801,87.6005,83.35,28,20,15.66
11,Rorvik,NO,2022-07-13 10:59:41,64.8621,11.2373,57.18,81,99,9.89
12,Faanui,PF,2022-07-13 10:59:41,-16.4833,-151.75,78.17,72,2,11.95
13,Hithadhoo,MV,2022-07-13 10:59:42,-0.6,73.0833,83.41,73,18,12.46
14,Punta Arenas,CL,2022-07-13 10:59:42,-53.15,-70.9167,39.31,87,75,24.16
15,Yeppoon,AU,2022-07-13 10:59:43,-23.1333,150.7333,56.98,59,0,10.02
16,Hilo,US,2022-07-13 10:54:47,19.7297,-155.09,78.28,97,100,3.44
17,Butaritari,KI,2022-07-13 10:59:43,3.0707,172.7902,82.42,78,92,17.2
18,Tazovskiy,RU,2022-07-13 10:59:44,67.4667,78.7,56.43,52,37,9.22
19,Busselton,AU,2022-07-13 10:59:44,-33.65,115.3333,59.59,59,56,4.41
20,Cape Town,ZA,2022-07-13 10:57:02,-33.9258,18.4232,61.11,73,75,19.57
21,Xining,CN,2022-07-13 10:59:45,36.6167,101.7667,77.81,38,91,12.06
22,Guerrero Negro,MX,2022-07-13 10:59:45,27.9769,-114.0611,64.9,88,88,12.5
23,Provideniya,RU,2022-07-13 10:59:46,64.3833,-173.3,50.63,85,94,3.09
24,Souillac,MU,2022-07-13 10:59:46,-20.5167,57.5167,75.58,64,40,16.11
25,Wanning,CN,2022-07-13 10:59:46,18.8003,110.3967,80.92,90,100,8.88
26,Arraial Do Cabo,BR,2022-07-13 10:59:47,-22.9661,-42.0278,73.26,88,40,10.36
27,Tual,ID,2022-07-13 10:59:47,-5.6667,132.75,79.65,81,97,24.4
28,Bluff,NZ,2022-07-13 10:59:16,-46.6,168.3333,42.8,90,100,16.78
29,Krasnoarmeysk,RU,2022-07-13 10:59:48,51.0239,45.6969,76.28,65,99,8.43
30,Olafsvik,IS,2022-07-13 10:59:48,64.8945,-23.7142,49.62,73,24,8.57
31,Kuusamo,FI,2022-07-13 10:59:49,65.9667,29.1833,69.84,78,100,8.05
32,Kodiak,US,2022-07-13 10:59:49,57.79,-152.4072,52.21,99,100,7.9
33,Tuktoyaktuk,CA,2022-07-13 10:59:50,69.4541,-133.0374,36.03,97,100,10.18
34,Saint-Philippe,RE,2022-07-13 10:59:50,-21.3585,55.7679,74.79,71,50,13.85
35,Hannibal,US,2022-07-13 10:59:51,39.7084,-91.3585,67.46,88,0,0.0
36,Buraydah,SA,2022-07-13 10:59:51,26.326,43.975,108.05,8,97,14.72
37,Grand Forks,US,2022-07-13 10:59:52,47.9417,-97.4337,54.79,94,0,2.68
38,Oranjemund,NA,2022-07-13 10:59:38,-28.55,16.4333,59.4,66,0,14.2
39,Itoman,JP,2022-07-13 10:59:36,26.1247,127.6694,86.4,84,75,6.91
40,Yellowknife,CA,2022-07-13 10:56:11,62.456,-114.3525,55.92,88,75,5.75
41,Codrington,AU,2022-07-13 10:59:53,-38.2667,141.9667,47.03,74,18,6.82
42,Iqaluit,CA,2022-07-13 10:59:53,63.7506,-68.5145,44.33,93,100,5.75
43,Kapaa,US,2022-07-13 10:59:53,22.0752,-159.319,77.32,91,100,16.11
44,Jamestown,US,2022-07-13 10:59:54,42.097,-79.2353,65.01,87,75,4.0
45,Vaini,TO,2022-07-13 10:59:54,-21.2,-175.2,75.36,94,75,6.91
46,Saint George,US,2022-07-13 10:59:55,37.1041,-113.5841,85.78,34,12,1.99
47,Lypova Dolyna,UA,2022-07-13 10:59:55,50.5643,33.7979,65.52,58,100,16.96
48,Sao Filipe,CV,2022-07-13 10:59:56,14.8961,-24.4956,75.38,83,76,7.96
49,Venta,LT,2022-07-13 10:59:56,56.2,22.7,61.39,97,100,3.11
50,Hamilton,US,2022-07-13 10:56:03,39.1834,-84.5333,65.98,93,0,1.95
51,Kahului,US,2022-07-13 10:57:37,20.8947,-156.47,76.84,92,37,8.01
52,Ushuaia,AR,2022-07-13 10:59:57,-54.8,-68.3,35.26,80,40,10.36
53,Cabo San Lucas,MX,2022-07-13 10:56:13,22.8909,-109.9124,80.51,72,20,10.09
54,Norman Wells,CA,2022-07-13 10:59:58,65.282,-126.8329,53.64,87,100,10.36
55,Riyadh,SA,2022-07-13 10:56:34,24.6877,46.7219,105.94,5,97,16.11
56,Lebu,CL,2022-07-13 10:59:58,-37.6167,-73.65,45.0,75,100,4.52
57,Diego De Almagro,CL,2022-07-13 10:59:59,-26.3667,-70.05,43.47,61,0,0.94
58,Qingdao,CN,2022-07-13 10:59:59,36.0986,120.3719,82.0,78,0,11.18
59,Deputatskiy,RU,2022-07-13 11:00:00,69.3,139.9,46.26,77,34,7.94
60,Thompson,CA,2022-07-13 10:58:29,55.7435,-97.8558,44.76,93,20,0.0
61,Barabai,ID,2022-07-13 10:56:15,-2.5833,115.3833,76.5,94,100,1.97
62,Cayenne,GF,2022-07-13 10:56:53,4.9333,-52.3333,75.24,1,100,0.0
63,Bethel,US,2022-07-13 11:00:01,41.3712,-73.414,72.52,90,5,2.73
64,Dikson,RU,2022-07-13 11:00:01,73.5069,80.5464,40.87,86,60,10.42
65,Ocos,GT,2022-07-13 11:00:02,14.5094,-92.1933,76.64,79,94,4.99
66,Lasa,IT,2022-07-13 11:00:03,46.6166,10.7002,77.68,31,2,1.41
67,Genthin,DE,2022-07-13 11:00:04,52.4,12.1667,83.05,28,87,11.86
68,Shingu,JP,2022-07-13 11:00:05,33.7333,135.9833,76.95,89,98,1.48
69,Sabang,ID,2022-07-13 11:00:06,5.8933,95.3214,82.96,79,94,18.79
70,Mahebourg,MU,2022-07-13 11:00:06,-20.4081,57.7,76.24,63,56,14.16
71,Albany,US,2022-07-13 10:57:07,42.6001,-73.9662,66.45,83,0,3.58
72,Galveston,US,2022-07-13 10:56:11,29.3669,-94.9669,82.99,92,67,6.69
73,Ulladulla,AU,2022-07-13 11:00:10,-35.35,150.4667,50.09,70,74,15.52
74,Umm Lajj,SA,2022-07-13 11:00:11,25.0213,37.2685,89.92,59,77,13.2
75,Avarua,CK,2022-07-13 10:56:45,-21.2078,-159.775,71.65,68,47,4.61
76,Chokurdakh,RU,2022-07-13 11:00:17,70.6333,147.9167,41.83,91,100,12.12
77,Kavaratti,IN,2022-07-13 11:00:17,10.5669,72.642,81.16,81,100,20.76
78,Acapulco,MX,2022-07-13 11:00:17,16.8634,-99.8901,75.02,94,100,4.61
79,Constitucion,CL,2022-07-13 10:55:56,-35.3333,-72.4167,51.42,89,100,10.09
80,Tasiilaq,GL,2022-07-13 11:00:19,65.6145,-37.6368,44.76,82,58,1.36
81,Zarubino,RU,2022-07-13 11:00:20,42.63,131.0922,64.04,98,100,7.18
82,Hasaki,JP,2022-07-13 10:59:47,35.7333,140.8333,75.6,91,98,10.02
83,Bathsheba,BB,2022-07-13 11:00:20,13.2167,-59.5167,82.06,83,100,18.66
84,Castro,BR,2022-07-13 11:00:22,-24.7911,-50.0119,54.27,96,97,7.05
85,Bambanglipuro,ID,2022-07-13 11:00:23,-7.95,110.2833,77.36,89,98,14.2
86,Yar-Sale,RU,2022-07-13 11:00:23,66.8333,70.8333,50.05,89,100,7.54
87,Kaitangata,NZ,2022-07-13 11:00:24,-46.2817,169.8464,42.64,96,100,13.24
88,Khatanga,RU,2022-07-13 11:00:24,71.9667,102.5,42.73,86,100,5.48
89,Bubaque,GW,2022-07-13 11:00:25,11.2833,-15.8333,81.07,76,13,5.95
90,Clyde River,CA,2022-07-13 11:01:25,70.4692,-68.5914,38.91,86,72,6.8
91,Sao Jose Da Coroa Grande,BR,2022-07-13 11:01:26,-8.8978,-35.1478,76.91,83,40,13.6
92,Chuy,UY,2022-07-13 11:01:26,-33.6971,-53.4616,39.15,88,2,5.08
93,Vardo,NO,2022-07-13 11:01:27,70.3705,31.1107,51.31,97,97,16.46
94,Hualmay,PE,2022-07-13 11:01:27,-11.0964,-77.6139,59.02,86,36,6.93
95,Porto Walter,BR,2022-07-13 11:01:28,-8.2686,-72.7439,68.9,99,32,1.5
96,Warwick,US,2022-07-13 10:57:13,41.7001,-71.4162,73.26,87,75,5.75
97,Saskylakh,RU,2022-07-13 11:01:28,71.9167,114.0833,55.94,45,99,12.24
98,Tres Arroyos,AR,2022-07-13 11:01:29,-38.3739,-60.2798,43.57,48,100,13.02
99,Geraldton,AU,2022-07-13 11:01:29,-28.7667,114.6,68.41,77,87,10.36
100,Sergeyevka,KZ,2022-07-13 11:01:30,53.88,67.4158,78.66,47,72,7.83
101,San Carlos Del Zulia,VE,2022-07-13 11:01:30,9.0,-71.9135,74.25,91,93,2.51
102,Qaanaaq,GL,2022-07-13 11:01:31,77.484,-69.3632,39.78,79,100,2.66
103,Narsaq,GL,2022-07-13 11:01:31,60.9167,-46.05,46.62,55,10,1.14
104,Fort Nelson,CA,2022-07-13 11:01:32,58.8053,-122.7002,45.9,67,23,2.55
105,Kudahuvadhoo,MV,2022-07-13 11:01:32,2.6708,72.8944,82.78,73,99,11.97
106,Pevek,RU,2022-07-13 11:01:33,69.7008,170.3133,34.48,92,29,6.08
107,Portland,US,2022-07-13 10:57:57,45.5234,-122.6762,58.8,81,85,3.0
108,Osakarovka,KZ,2022-07-13 11:01:33,50.565,72.5692,78.93,40,59,10.92
109,Hermanus,ZA,2022-07-13 11:01:34,-34.4187,19.2345,62.8,64,33,22.53
110,Conakry,GN,2022-07-13 11:00:48,9.538,-13.6773,78.96,82,52,7.16
111,East London,ZA,2022-07-13 11:01:35,-33.0153,27.9116,71.06,29,0,5.48
112,Jalcocotan,MX,2022-07-13 11:01:35,21.4667,-105.1167,73.0,92,90,2.26
113,Port Lincoln,AU,2022-07-13 10:59:32,-34.7333,135.8667,54.95,76,76,3.0
114,Hobart,AU,2022-07-13 10:57:06,-42.8794,147.3294,42.66,91,20,6.91
115,Panorama,GR,2022-07-13 11:01:36,40.5878,23.0315,82.38,33,20,9.22
116,Komsomolskiy,UZ,2022-07-13 11:01:37,40.4272,71.7189,90.32,18,99,6.91
117,Antofagasta,CL,2022-07-13 11:01:37,-23.65,-70.4,53.98,87,61,3.11
118,Pisco,PE,2022-07-13 11:01:37,-13.7,-76.2167,58.01,88,2,0.54
119,Port Blair,IN,2022-07-13 11:00:25,11.6667,92.75,81.82,79,100,18.52
120,Longyearbyen,SJ,2022-07-13 11:01:38,78.2186,15.6401,48.04,93,75,4.61
121,Bungu,TZ,2022-07-13 11:01:38,-7.6337,39.0582,85.12,38,34,8.43
122,Cherskiy,RU,2022-07-13 11:01:39,68.75,161.3,47.28,63,89,12.12
123,Kirakira,SB,2022-07-13 11:01:39,-10.4544,161.9205,78.01,75,19,6.46
124,Salalah,OM,2022-07-13 11:01:40,17.0151,54.0924,81.39,81,86,9.22
125,Plover,US,2022-07-13 11:01:40,44.4564,-89.544,61.03,79,40,4.0
126,North Bend,US,2022-07-13 10:56:48,43.4065,-124.2243,58.24,97,75,6.91
127,Apache Junction,US,2022-07-13 11:01:41,33.4151,-111.5496,93.09,35,0,10.36
128,Port Elizabeth,ZA,2022-07-13 11:01:41,-33.918,25.5701,64.31,68,1,5.01
129,Sisimiut,GL,2022-07-13 11:01:42,66.9395,-53.6735,43.52,89,100,3.4
130,Klaksvik,FO,2022-07-13 11:01:42,62.2266,-6.589,50.92,90,100,8.12
131,Luganville,VU,2022-07-13 11:01:43,-15.5333,167.1667,76.91,82,60,9.1
132,Rivera,UY,2022-07-13 11:01:43,-30.9053,-55.5508,38.84,96,0,5.77
133,Hambantota,LK,2022-07-13 11:02:43,6.1241,81.1185,91.74,52,20,19.57
134,Ponta Do Sol,PT,2022-07-13 11:02:44,32.6667,-17.1,77.72,62,16,5.03
135,Yerbogachen,RU,2022-07-13 11:02:45,61.2767,108.0108,61.27,50,72,3.51
136,Mataura,NZ,2022-07-13 11:02:45,-46.1927,168.8643,42.48,98,100,6.11
137,Morlaix,FR,2022-07-13 11:02:46,48.5833,-4.0,82.45,51,0,8.05
138,Beringovskiy,RU,2022-07-13 11:02:46,63.05,179.3167,58.26,79,59,7.92
139,Carnarvon,AU,2022-07-13 11:02:46,-24.8667,113.6333,70.29,69,1,10.49
140,New Norfolk,AU,2022-07-13 11:02:47,-42.7826,147.0587,42.3,85,67,1.99
141,Danane,CI,2022-07-13 11:02:47,7.2596,-8.155,74.89,87,97,2.44
142,Georgetown,MY,2022-07-13 11:01:25,5.4112,100.3354,86.9,76,40,1.14
143,Pindi Gheb,PK,2022-07-13 11:02:48,33.2402,72.2661,99.07,40,35,8.37
144,Honningsvag,NO,2022-07-13 11:02:48,70.9821,25.9704,74.95,50,0,13.8
145,Ourem,PT,2022-07-13 11:02:49,39.6417,-8.5919,97.47,13,100,7.2
146,Port Alfred,ZA,2022-07-13 11:02:49,-33.5906,26.891,74.17,33,0,8.99
147,Nikolskoye,RU,2022-07-13 11:02:50,59.7035,30.7861,76.87,36,6,7.58
148,Tiksi,RU,2022-07-13 11:02:50,71.6872,128.8694,35.78,91,100,5.57
149,Saint-Pierre,RE,2022-07-13 11:02:51,-21.3393,55.4781,74.88,60,20,27.63
150,Ribeira Grande,PT,2022-07-13 11:02:51,38.5167,-28.7,75.6,78,75,5.75
151,Anadyr,RU,2022-07-13 11:02:52,64.75,177.4833,49.01,92,34,11.1
152,Upernavik,GL,2022-07-13 11:02:52,72.7868,-56.1549,41.76,83,100,5.99
153,Cap Malheureux,MU,2022-07-13 11:02:52,-19.9842,57.6142,76.46,58,20,8.99
154,Namatanai,PG,2022-07-13 11:02:53,-3.6667,152.4333,79.3,84,89,8.86
155,Aksu,CN,2022-07-13 11:02:53,41.1231,80.2644,88.5,18,73,11.72
156,Victoria,HK,2022-07-13 11:01:21,22.2855,114.1577,89.65,65,10,5.99
157,Turayf,SA,2022-07-13 11:02:11,31.6725,38.6637,96.75,17,8,8.32
158,Inhambane,MZ,2022-07-13 11:02:54,-23.865,35.3833,76.6,47,0,7.36
159,Broome,US,2022-07-13 11:02:55,42.2506,-75.833,64.0,93,0,4.61
160,Kokopo,PG,2022-07-13 11:02:55,-4.352,152.2633,78.62,81,38,10.33
161,Evensk,RU,2022-07-13 11:02:56,61.95,159.2333,49.64,98,56,4.54
162,Suzun,RU,2022-07-13 11:02:56,53.7841,82.3116,69.04,40,100,8.12
163,Waddan,LY,2022-07-13 11:02:56,29.1614,16.139,87.51,26,0,7.7
164,Elizabeth City,US,2022-07-13 11:02:57,36.2946,-76.2511,78.03,95,27,5.01
165,Casper,US,2022-07-13 10:58:45,42.8666,-106.3131,68.22,46,61,2.62
166,Puerto Escondido,MX,2022-07-13 11:02:58,15.85,-97.0667,78.26,85,100,4.14
167,Ahipara,NZ,2022-07-13 11:02:58,-35.1667,173.1667,55.89,89,83,6.02
168,Hanzhong,CN,2022-07-13 11:02:58,33.0728,107.0303,88.52,66,100,4.94
169,Manaure,CO,2022-07-13 11:02:59,11.7751,-72.4445,78.91,81,26,15.84
170,Parkersburg,US,2022-07-13 10:59:04,39.2667,-81.5615,68.52,96,0,0.0
171,Kurud,IN,2022-07-13 11:02:59,20.8322,81.7214,85.98,77,100,8.43
172,Kavieng,PG,2022-07-13 11:03:00,-2.5744,150.7967,82.15,73,95,7.63
173,Tura,IN,2022-07-13 11:03:00,25.5198,90.2201,85.69,81,82,2.39
174,Paka,MY,2022-07-13 11:03:01,4.6374,103.4368,80.22,83,98,4.72
175,Aswan,EG,2022-07-13 11:03:01,24.0934,32.907,103.19,15,20,9.84
176,Inuvik,CA,2022-07-13 11:04:01,68.3499,-133.7218,43.56,100,100,4.61
177,Kodinsk,RU,2022-07-13 11:04:02,58.6881,99.1844,69.73,40,88,0.98
178,Gazli,UZ,2022-07-13 11:04:02,40.1333,63.45,100.85,13,0,15.19
179,Nizwa,OM,2022-07-13 11:04:03,22.9333,57.5333,97.63,38,70,4.81
180,Mount Gambier,AU,2022-07-13 11:04:03,-37.8333,140.7667,47.57,82,87,0.36
181,Zhanaozen,KZ,2022-07-13 11:04:04,43.3,52.8,99.84,13,20,11.07
182,San Policarpo,PH,2022-07-13 11:04:04,12.1791,125.5072,82.45,78,85,2.95
183,Richards Bay,ZA,2022-07-13 11:04:05,-28.783,32.0377,81.9,34,0,10.25
184,Vila Velha,BR,2022-07-13 11:04:05,-20.3297,-40.2925,71.94,85,83,8.12
185,Bengkulu,ID,2022-07-13 11:04:06,-3.8004,102.2655,79.92,81,93,2.82
186,Maragogi,BR,2022-07-13 11:04:06,-9.0122,-35.2225,76.71,84,47,13.49
187,Lipari,IT,2022-07-13 11:04:07,38.4674,14.954,86.32,52,0,4.29
188,Chernyshevskiy,RU,2022-07-13 11:04:07,63.0128,112.4714,62.47,45,100,6.49
189,Flinders,AU,2022-07-13 11:04:08,-34.5833,150.8552,56.17,67,97,8.99
190,Port-Cartier,CA,2022-07-13 11:04:08,50.0334,-66.8654,56.75,79,55,13.58
191,Inirida,CO,2022-07-13 11:04:08,3.8653,-67.9239,71.82,100,100,1.59
192,Grootfontein,NA,2022-07-13 11:04:09,-19.5667,18.1167,70.65,23,0,9.17
193,Eureka,US,2022-07-13 11:04:09,40.8021,-124.1637,60.67,85,92,4.0
194,Bredasdorp,ZA,2022-07-13 11:04:10,-34.5322,20.0403,62.83,53,22,20.22
195,Saldanha,ZA,2022-07-13 11:04:10,-33.0117,17.9442,60.31,69,91,11.21
196,Yulara,AU,2022-07-13 11:04:11,-25.2406,130.9889,52.0,38,0,9.78
197,Port Hardy,CA,2022-07-13 11:04:11,50.6996,-127.4199,51.33,90,43,4.05
198,Solginskiy,RU,2022-07-13 11:04:12,61.05,41.3428,82.18,44,24,5.39
199,Mujiayingzi,CN,2022-07-13 11:04:12,42.1167,118.7833,79.47,40,4,9.19
200,Lafiagi,NG,2022-07-13 11:04:13,8.8667,5.4167,85.17,64,99,8.37
201,Neiafu,TO,2022-07-13 11:04:13,-18.65,-173.9833,78.78,82,46,24.56
202,Madera,US,2022-07-13 11:04:14,37.1666,-119.8343,80.06,45,0,1.36
203,Hanover,DE,2022-07-13 11:01:43,52.3705,9.7332,85.19,36,0,13.8
204,Buala,SB,2022-07-13 11:04:15,-8.145,159.5921,79.88,76,39,8.88
205,Grindavik,IS,2022-07-13 11:04:15,63.8424,-22.4338,50.47,81,75,11.5
206,Torbay,CA,2022-07-13 11:03:20,47.6666,-52.7314,62.28,93,27,5.99
207,Ayagoz,KZ,2022-07-13 11:04:16,47.9714,80.4392,80.19,23,1,20.71
208,Tahta,EG,2022-07-13 11:04:16,26.7693,31.5021,99.23,15,16,21.27
209,Hastings,GB,2022-07-13 11:04:17,50.8552,0.5729,83.98,41,65,7.02
210,Mayskiy,RU,2022-07-13 11:04:17,47.6931,40.1025,87.21,32,63,11.07
211,Timbiras,BR,2022-07-13 11:04:18,-4.2553,-43.9406,79.7,75,75,1.77
212,Kamaishi,JP,2022-07-13 11:04:18,39.2667,141.8833,68.77,93,100,2.17
213,Orsha,BY,2022-07-13 11:04:19,54.5153,30.4053,54.28,95,100,16.35
214,Asau,RO,2022-07-13 11:04:19,46.4333,26.4,68.92,88,100,7.02
215,Viytivka,UA,2022-07-13 11:04:20,48.426,29.5429,55.98,88,100,18.57
216,Alta Floresta,BR,2022-07-13 11:04:20,-9.8756,-56.0861,70.84,59,85,4.27
217,Severo-Kurilsk,RU,2022-07-13 11:04:21,50.6789,156.125,53.17,97,52,0.96
218,Pujili,EC,2022-07-13 11:04:21,-0.95,-78.6833,45.48,94,96,5.66
219,Maniitsoq,GL,2022-07-13 11:04:21,65.4167,-52.9,41.32,98,100,6.8
220,Alice Springs,AU,2022-07-13 11:00:21,-23.7,133.8833,45.95,53,0,5.75
221,Taltal,CL,2022-07-13 11:01:01,-25.4,-70.4833,53.82,88,58,5.21
222,Cidreira,BR,2022-07-13 11:05:22,-30.1811,-50.2056,48.24,82,1,1.1
223,Sorland,NO,2022-07-13 11:05:23,67.667,12.6934,55.26,85,45,22.26
224,Roald,NO,2022-07-13 11:01:19,62.5833,6.1333,62.17,72,75,11.5
225,Port Macquarie,AU,2022-07-13 11:05:23,-31.4333,152.9167,51.39,85,85,20.89
226,Maputo,MZ,2022-07-13 11:05:24,-25.9653,32.5892,78.48,65,40,11.5
227,Alexandria,EG,2022-07-13 11:01:19,31.2156,29.9553,81.37,62,0,17.45
228,Chulym,RU,2022-07-13 11:05:24,55.0997,80.9572,66.79,48,96,12.84
229,Opuwo,NA,2022-07-13 11:05:25,-18.0607,13.84,77.05,22,0,14.18
230,Brentwood,US,2022-07-13 11:01:24,40.7812,-73.2462,77.45,82,0,6.91
231,Fallingbostel,DE,2022-07-13 11:05:25,52.8667,9.7,84.97,42,83,13.53
232,Massaguet,TD,2022-07-13 11:05:26,12.4755,15.4365,90.72,41,81,12.71
233,Manado,ID,2022-07-13 11:05:26,1.487,124.8455,79.57,89,20,6.91
234,Touros,BR,2022-07-13 11:05:27,-5.1989,-35.4608,79.32,79,30,12.41
235,Coihaique,CL,2022-07-13 11:05:27,-45.5752,-72.0662,27.21,93,20,2.3
236,Chumikan,RU,2022-07-13 11:05:27,54.7183,135.315,53.56,99,97,5.99
237,Bor,RU,2022-07-13 11:02:18,56.3567,44.0669,78.73,38,93,8.93
238,Podor,MR,2022-07-13 11:05:28,16.6527,-14.9587,85.98,47,61,14.32
239,Moquegua,PE,2022-07-13 11:05:28,-17.1956,-70.9353,54.93,47,10,2.93
240,Santa Isabel Do Rio Negro,BR,2022-07-13 11:05:29,-0.4139,-65.0192,71.64,99,81,1.3
241,Peniche,PT,2022-07-13 11:05:29,39.3558,-9.3811,93.29,39,100,6.08
242,Mitsamiouli,KM,2022-07-13 11:05:30,-11.3847,43.2844,79.07,70,52,12.44
243,Tuatapere,NZ,2022-07-13 11:05:30,-46.1333,167.6833,43.72,93,100,8.61
244,Mount Isa,AU,2022-07-13 11:05:30,-20.7333,139.5,55.17,35,0,9.22
245,Wuan,CN,2022-07-13 11:05:31,31.6836,112.0044,90.86,69,100,9.64
246,Bulawayo,ZW,2022-07-13 11:05:31,-20.15,28.5833,71.04,24,4,4.74
247,Kushnarenkovo,RU,2022-07-13 11:05:32,55.105,55.3508,84.56,56,14,4.76
248,Priargunsk,RU,2022-07-13 11:05:32,50.3691,119.1012,65.32,91,100,9.84
249,Juruti,BR,2022-07-13 11:05:32,-2.1522,-56.0922,75.63,90,53,3.04
250,Chatellerault,FR,2022-07-13 11:05:33,46.8,0.5333,90.55,30,97,6.78
251,Tarakeswar,IN,2022-07-13 11:05:33,22.885,88.0172,90.54,60,94,15.95
252,Samarai,PG,2022-07-13 11:05:34,-10.6167,150.6667,79.38,82,99,18.32
253,Huilong,CN,2022-07-13 11:05:34,31.8111,121.655,84.88,83,100,7.87
254,Vermillion,US,2022-07-13 11:05:34,42.7794,-96.9292,64.56,65,2,1.45
255,Lavrentiya,RU,2022-07-13 11:05:35,65.5833,-171.0,50.92,75,100,5.55
256,Tarauaca,BR,2022-07-13 11:05:35,-8.1614,-70.7656,71.29,97,44,1.03
257,Noyabrsk,RU,2022-07-13 11:05:36,63.1994,75.4507,67.33,35,62,6.22
258,Redding,US,2022-07-13 11:01:11,40.5865,-122.3917,74.97,49,0,1.01
259,Dire,ML,2022-07-13 11:05:36,12.2833,-10.9667,87.26,63,25,2.26
260,Kosh-Agach,RU,2022-07-13 11:05:37,50.0,88.6667,61.86,40,85,14.85
261,Banjar,ID,2022-07-13 11:05:37,-8.19,114.9675,77.11,90,97,3.51
262,Dharchula,IN,2022-07-13 11:05:38,29.85,80.5333,83.14,70,58,4.05
263,Sagua La Grande,CU,2022-07-13 11:05:38,22.8067,-80.0756,74.39,86,97,1.79
264,Kindu,CD,2022-07-13 11:05:38,-2.95,25.95,93.24,27,78,5.75
265,Vejalpur,IN,2022-07-13 11:05:39,22.6833,73.5667,88.79,65,100,7.07
266,Mar Del Plata,AR,2022-07-13 11:05:39,-38.0023,-57.5575,45.09,75,0,17.27
267,Lazarev,RU,2022-07-13 11:05:40,52.225,141.5131,59.45,99,100,8.75
268,Shimoda,JP,2022-07-13 11:05:40,34.6667,138.95,75.11,92,82,9.1
269,Sukpak,RU,2022-07-13 11:05:41,51.6667,94.6333,64.36,60,100,5.73
270,Labuhan,ID,2022-07-13 11:05:41,-6.8844,112.2051,79.92,82,95,9.57
271,Namibe,AO,2022-07-13 11:06:41,-15.1961,12.1522,73.22,62,21,8.55
272,Upata,VE,2022-07-13 11:06:42,8.0086,-62.3989,72.19,94,100,3.89
273,Maldonado,UY,2022-07-13 11:02:27,-34.6667,-54.9167,38.23,83,17,6.82
274,Biak,ID,2022-07-13 11:06:42,-0.9131,122.8766,75.27,88,83,5.99
275,Kota Kinabalu,MY,2022-07-13 11:04:45,5.9749,116.0724,76.98,88,40,10.36
276,Pangnirtung,CA,2022-07-13 11:06:43,66.1451,-65.7125,46.72,86,100,0.16
277,Betera,ES,2022-07-13 11:06:43,39.5833,-0.45,101.1,29,0,8.99
278,Vila Do Maio,CV,2022-07-13 11:06:44,15.1333,-23.2167,81.39,84,98,10.98
279,Nemuro,JP,2022-07-13 11:06:44,43.3236,145.575,61.34,92,99,6.44
280,El Alto,PE,2022-07-13 11:06:45,-4.2714,-81.2147,60.46,87,18,12.57
281,Cantaura,VE,2022-07-13 11:06:45,9.3057,-64.3584,74.95,83,100,10.63
282,Chimbote,PE,2022-07-13 11:04:58,-9.0853,-78.5783,60.58,85,71,7.23
283,Punta Alta,AR,2022-07-13 11:03:22,-38.8759,-62.0736,46.65,44,86,10.6
284,Rafai,CF,2022-07-13 11:06:46,4.95,23.9167,81.88,60,100,3.22
285,Airai,TL,2022-07-13 11:06:46,-8.9266,125.4092,55.22,90,31,2.64
286,Praia,CV,2022-07-13 11:06:47,14.9215,-23.5087,81.14,65,20,12.66
287,Cabedelo,BR,2022-07-13 11:06:47,-6.9811,-34.8339,77.67,81,62,10.58
288,Carroll,US,2022-07-13 11:06:47,39.5501,-77.0164,71.13,88,26,1.72
289,Neyshabur,IR,2022-07-13 11:06:48,36.2133,58.7958,89.04,13,0,1.88
290,Broken Hill,AU,2022-07-13 11:02:36,-31.95,141.4333,45.5,61,1,8.88
291,Ayan,RU,2022-07-13 11:06:48,56.45,138.1667,59.65,98,100,5.23
292,Shar,KZ,2022-07-13 11:06:49,49.5886,81.0453,81.54,22,20,20.51
293,Gardiner,US,2022-07-13 11:06:50,44.2301,-69.7753,70.84,91,0,5.99
294,Poli,TZ,2022-07-13 11:06:50,-3.3333,36.8,72.7,32,31,7.78
295,Meadow Lake,US,2022-07-13 11:02:21,34.8014,-106.5436,70.16,62,56,4.85
296,Trudarmeyskiy,RU,2022-07-13 11:06:51,54.132,86.4098,64.42,53,86,10.38
297,Douglas,US,2022-07-13 11:06:51,41.3,-96.167,66.6,87,0,4.61
298,Jacksonville,US,2022-07-13 11:03:43,30.3322,-81.6556,77.11,95,0,3.44
299,Palauig,PH,2022-07-13 11:06:52,15.435,119.9045,80.13,84,100,6.87
300,Xuddur,SO,2022-07-13 11:06:52,4.1213,43.8894,88.81,29,62,25.39
301,Mogadishu,SO,2022-07-13 11:06:52,2.0371,45.3438,79.9,74,56,25.75
302,Macapa,BR,2022-07-13 11:05:28,0.0389,-51.0664,76.98,94,75,2.3
303,Lengshuitan,CN,2022-07-13 11:05:15,26.4111,111.5956,88.0,73,20,5.19
304,Havre-Saint-Pierre,CA,2022-07-13 11:06:53,50.2334,-63.5986,53.96,100,100,11.5
305,Sayyan,YE,2022-07-13 11:06:54,15.1718,44.3244,62.76,55,100,11.83
306,Glencoe,ZA,2022-07-13 11:03:02,-28.1783,30.147,68.92,18,0,14.38
307,Montepuez,MZ,2022-07-13 11:06:54,-13.1256,38.9997,82.51,24,38,6.33
308,Gat,IL,2022-07-13 11:06:55,31.61,34.7642,90.79,33,1,14.79
309,Vao,NC,2022-07-13 11:06:55,-22.6667,167.4833,74.86,87,100,25.93
310,Kibala,TD,2022-07-13 11:06:56,9.1104,18.3463,77.07,77,100,5.55
311,Bambous Virieux,MU,2022-07-13 11:06:56,-20.3428,57.7575,75.45,57,40,13.8
312,Khash,IR,2022-07-13 11:06:57,28.2211,61.2158,95.16,6,68,15.66
313,Zabid,YE,2022-07-13 11:06:57,14.1951,43.3152,99.43,29,97,29.21
314,Soria,ES,2022-07-13 11:06:57,41.6667,-2.6667,94.15,14,6,6.2
315,Placido De Castro,BR,2022-07-13 11:06:58,-10.3353,-67.1856,68.92,96,16,2.33
316,Lompoc,US,2022-07-13 11:06:59,34.6391,-120.4579,60.01,95,100,3.44
317,Medvedok,RU,2022-07-13 11:07:59,57.3891,50.0351,84.09,54,78,11.27
318,Mareeba,AU,2022-07-13 11:07:59,-17.0,145.4333,59.72,85,47,2.64
319,Asfi,MA,2022-07-13 11:08:00,32.2994,-9.2372,75.74,71,1,12.62
320,Coquimbo,CL,2022-07-13 11:08:00,-29.9533,-71.3436,49.73,93,75,6.91
321,Mayumba,GA,2022-07-13 11:08:01,-3.432,10.6554,73.71,79,99,6.35
322,Lac Du Bonnet,CA,2022-07-13 11:08:01,50.2536,-96.0612,55.51,97,5,4.54
323,San Ignacio,BZ,2022-07-13 11:08:01,17.1561,-89.0714,73.54,94,0,0.0
324,Yamada,JP,2022-07-13 11:08:02,39.4667,141.95,68.47,94,100,0.27
325,Esperance,AU,2022-07-13 11:08:02,-33.8667,121.9,57.4,51,0,8.86
326,Batticaloa,LK,2022-07-13 11:08:03,7.7102,81.6924,90.57,47,98,26.19
327,Khandyga,RU,2022-07-13 11:08:03,62.6667,135.6,65.66,89,66,3.04
328,Sola,VU,2022-07-13 11:08:04,-13.8833,167.55,80.4,69,41,12.33
329,Oistins,BB,2022-07-13 11:08:04,13.0667,-59.5333,82.49,69,20,20.71
330,Vilhena,BR,2022-07-13 11:08:05,-12.7406,-60.1458,64.31,72,43,4.54
331,Sao Miguel Do Iguacu,BR,2022-07-13 11:06:29,-25.3481,-54.2378,45.84,87,1,4.14
332,Ilulissat,GL,2022-07-13 11:08:05,69.2167,-51.1,42.82,87,75,3.44
333,Los Llanos De Aridane,ES,2022-07-13 11:08:06,28.6585,-17.9182,73.15,78,75,11.5
334,Srednekolymsk,RU,2022-07-13 11:08:06,67.45,153.6833,67.73,54,100,13.06
335,Tezu,IN,2022-07-13 11:08:06,27.9167,96.1667,90.01,76,100,0.85
336,Tazmalt,DZ,2022-07-13 11:08:07,36.3868,4.3989,95.04,26,0,4.94
337,Fandriana,MG,2022-07-13 11:08:07,-20.2333,47.3833,66.74,48,7,8.28
338,Kruisfontein,ZA,2022-07-13 11:08:08,-34.0033,24.7314,63.88,41,19,7.07
339,Talaya,RU,2022-07-13 11:08:08,61.3833,152.75,73.87,62,6,18.61
340,Salme,NP,2022-07-13 11:08:08,28.0369,85.0942,73.69,90,99,1.16
341,Galesong,ID,2022-07-13 11:08:09,-5.3166,119.3661,78.82,77,90,7.2
342,Yarmouth,US,2022-07-13 11:08:09,41.7057,-70.2286,75.25,93,75,5.75
343,Aldan,RU,2022-07-13 11:08:10,58.6031,125.3894,60.75,91,100,2.39
344,Newport,GB,2022-07-13 11:06:00,51.5877,-2.9984,77.07,64,77,2.48
345,Oussouye,SN,2022-07-13 11:08:10,12.485,-16.5469,84.78,72,66,6.49
346,Quatre Cocos,MU,2022-07-13 11:08:11,-20.2078,57.7625,75.31,57,50,15.37
347,Paita,PE,2022-07-13 11:08:11,-5.0892,-81.1144,61.52,89,16,10.42
348,San Cristobal,VE,2022-07-13 11:08:12,7.7669,-72.225,68.18,89,43,3.85
349,Benguela,AO,2022-07-13 11:08:12,-12.5763,13.4055,77.07,65,55,8.55
350,Brokopondo,SR,2022-07-13 11:08:13,4.75,-55.1667,76.37,91,82,4.36
351,Baie-Comeau,CA,2022-07-13 11:08:13,49.2168,-68.1489,57.07,77,19,9.64
352,Namtsy,RU,2022-07-13 11:08:14,62.7161,129.6658,69.28,87,80,4.61
353,Rustenburg,ZA,2022-07-13 11:08:14,-25.6676,27.2421,68.29,31,3,6.96
354,Mindelo,CV,2022-07-13 11:08:15,16.8901,-24.9804,80.15,61,20,25.32
355,Karnobat,BG,2022-07-13 11:08:15,42.65,26.9833,80.44,20,18,11.12
356,Isangel,VU,2022-07-13 11:08:16,-19.55,169.2667,77.92,90,10,16.24
357,San Bartolome,ES,2022-07-13 11:08:16,27.9248,-15.5733,66.67,68,20,27.63
358,Griffith,US,2022-07-13 11:08:17,41.5284,-87.4237,69.73,88,0,6.91
359,Romitan,UZ,2022-07-13 11:08:17,39.9343,64.3814,98.55,16,0,16.11
360,Russell,US,2022-07-13 11:09:18,32.3502,-85.1999,75.0,100,100,3.44
361,Rincon,US,2022-07-13 11:09:18,32.296,-81.2354,80.85,96,75,5.75
362,Ancud,CL,2022-07-13 11:09:19,-41.8697,-73.8203,40.23,80,90,7.54
363,Saint-Francois,FR,2022-07-13 11:09:19,46.4154,3.9054,81.84,42,0,3.44
364,Myitkyina,MM,2022-07-13 11:08:07,25.3833,97.4,92.89,64,15,1.14
365,Lahij,YE,2022-07-13 11:09:20,13.1667,44.5833,93.92,35,62,8.12
366,Kurumkan,RU,2022-07-13 11:09:21,54.3,110.3,77.85,46,42,1.54
367,Paracuru,BR,2022-07-13 11:09:21,-3.41,-39.0306,79.11,79,16,12.68
368,Oranjestad,AW,2022-07-13 11:06:52,12.524,-70.027,79.79,88,68,20.4
369,Nome,US,2022-07-13 11:09:22,64.5011,-165.4064,53.67,76,0,5.75
370,Kano,NG,2022-07-13 11:05:54,12.0001,8.5167,89.76,46,98,12.15
371,Sri Aman,MY,2022-07-13 11:09:22,1.2376,111.4621,74.98,97,87,1.01
372,Simao,CN,2022-07-13 11:09:23,22.7886,100.9748,77.41,71,88,2.26
373,Susa,TN,2022-07-13 11:05:23,35.8254,10.637,87.58,55,20,6.91
374,Charleston,US,2022-07-13 11:09:23,32.7766,-79.9309,81.01,91,0,6.91
375,Fairbanks,US,2022-07-13 11:05:30,64.8378,-147.7164,61.25,79,79,4.81
376,Garowe,SO,2022-07-13 11:09:24,8.4054,48.4845,93.87,25,64,29.08
377,Leningradskiy,RU,2022-07-13 11:09:24,69.3833,178.4167,36.86,86,96,5.32
378,Tobol,KZ,2022-07-13 11:09:25,52.6844,62.5794,84.15,40,28,9.22
379,Callaway,US,2022-07-13 11:09:25,30.153,-85.5699,80.94,87,40,11.5
380,Necochea,AR,2022-07-13 11:09:26,-38.5473,-58.7368,47.26,46,100,13.96
381,Bilibino,RU,2022-07-13 11:09:26,68.0546,166.4372,55.38,73,85,3.94
382,Lagoa,PT,2022-07-13 11:09:26,39.05,-27.9833,69.51,90,66,14.0
383,Saquarema,BR,2022-07-13 11:09:27,-22.92,-42.5103,73.44,87,99,13.53
384,Adre,TD,2022-07-13 11:09:27,13.4667,22.2,89.24,40,88,9.01
385,Turkistan,KZ,2022-07-13 11:09:28,43.0,68.0,98.83,16,0,20.51
386,Karratha,AU,2022-07-13 11:09:28,-20.7377,116.8463,69.76,57,0,9.6
387,Along,IN,2022-07-13 11:09:29,28.1667,94.7667,88.25,73,100,0.78
388,Shahdadkot,PK,2022-07-13 11:09:29,27.8477,67.9055,108.32,27,2,9.51
389,Gumdag,TM,2022-07-13 11:09:29,39.2061,54.5906,103.42,11,0,13.96
390,Yaan,NG,2022-07-13 11:09:30,7.3833,8.5667,81.45,70,99,10.31
391,Nsanje,MW,2022-07-13 11:09:30,-16.92,35.262,84.22,34,44,6.89
392,Aksarka,RU,2022-07-13 11:09:31,66.5606,67.7975,65.68,74,100,9.57
393,Baherden,TM,2022-07-13 11:09:31,38.4362,57.4316,100.38,13,0,12.08
394,Port Hedland,AU,2022-07-13 11:09:32,-20.3167,118.5667,66.25,68,6,4.61
395,Morant Bay,JM,2022-07-13 11:09:32,17.8815,-76.4093,77.7,85,94,11.95
396,Tautira,PF,2022-07-13 11:09:32,-17.7333,-149.15,75.85,78,78,17.92
397,Ostrovnoy,RU,2022-07-13 11:09:33,68.0531,39.5131,67.03,77,60,6.42
398,Nova Olinda Do Norte,BR,2022-07-13 11:09:33,-3.8881,-59.0942,74.52,83,90,1.48
399,Harnosand,SE,2022-07-13 11:09:34,62.6323,17.9379,73.42,67,33,11.12
400,Banda Aceh,ID,2022-07-13 11:06:47,5.5577,95.3222,83.16,76,99,12.44
401,Pasighat,IN,2022-07-13 11:09:34,28.0667,95.3333,90.54,69,100,0.27
402,Fortuna,US,2022-07-13 11:09:35,40.5982,-124.1573,57.34,91,100,1.01
403,Ciudad Ojeda,VE,2022-07-13 11:09:35,10.1964,-71.3082,78.22,70,100,6.24
404,Shenxian,CN,2022-07-13 11:09:35,36.2411,115.6672,77.83,87,97,3.33
405,Dobrovice,CZ,2022-07-13 11:09:36,50.3693,14.9623,85.86,32,65,7.36
406,Tromso,NO,2022-07-13 11:09:36,69.6496,18.957,59.02,82,75,3.44
407,Vostok,RU,2022-07-13 11:09:37,46.4856,135.8833,64.58,93,6,4.7
408,Lixourion,GR,2022-07-13 11:10:37,38.2019,20.4314,82.4,54,20,18.41
409,Wanxian,CN,2022-07-13 11:10:37,30.8039,108.3897,93.87,66,79,4.16
410,Balabac,PH,2022-07-13 11:10:38,7.9868,117.0645,81.68,80,97,17.05
411,Okhotsk,RU,2022-07-13 11:10:38,59.3833,143.3,59.85,95,98,5.82
412,Falun,SE,2022-07-13 11:10:39,60.6036,15.626,66.61,47,64,11.01
413,Ventspils,LV,2022-07-13 11:10:39,57.3894,21.5606,67.93,88,0,8.05
414,Puerto Colombia,CO,2022-07-13 11:10:39,10.9878,-74.9547,77.09,88,27,6.29
415,Sigli,ID,2022-07-13 11:10:40,5.3848,95.9609,84.07,73,100,3.49
416,Riacho De Santana,BR,2022-07-13 11:10:40,-13.6092,-42.9389,70.52,69,6,5.21
417,Manyana,BW,2022-07-13 11:10:41,-23.4,21.7167,73.18,22,0,9.86
418,Avera,US,2022-07-13 11:10:41,33.194,-82.5271,74.71,93,99,4.38
419,Knysna,ZA,2022-07-13 11:10:42,-34.0363,23.0471,65.23,44,0,6.24
420,Pontianak,ID,2022-07-13 11:10:09,-0.0333,109.3333,78.78,88,75,5.75
421,Marsa Matruh,EG,2022-07-13 11:10:42,31.3525,27.2453,83.77,47,0,15.41
422,Bilma,NE,2022-07-13 11:10:43,18.6853,12.9164,102.85,11,98,14.76
423,Vestmannaeyjar,IS,2022-07-13 11:10:43,63.4427,-20.2734,50.99,71,0,16.11
424,Balsas,BR,2022-07-13 11:10:44,-7.5325,-46.0356,78.96,43,74,8.23
425,Pacific Grove,US,2022-07-13 11:10:44,36.6177,-121.9166,60.03,91,57,5.01
426,Nitra,SK,2022-07-13 11:10:44,48.3076,18.0845,84.63,23,73,14.54
427,Antalaha,MG,2022-07-13 11:10:45,-14.9003,50.2788,72.64,84,86,13.31
428,Port Moresby,PG,2022-07-13 11:10:45,-9.4431,147.1797,76.26,88,72,14.25
429,Nanortalik,GL,2022-07-13 11:10:46,60.1432,-45.2371,43.39,85,60,8.1
430,Bouna,CI,2022-07-13 11:10:46,9.2667,-3.0,78.49,71,100,7.58
431,Albury,AU,2022-07-13 11:10:46,-36.0833,146.9167,43.14,88,6,3.89
432,Nantucket,US,2022-07-13 11:10:04,41.2835,-70.0995,75.25,97,100,9.22
433,Pryazha,RU,2022-07-13 11:10:47,61.6926,33.6216,76.24,48,41,9.26
434,Krasnaya Polyana,RU,2022-07-13 11:10:48,56.242,51.1442,78.98,69,100,9.98
435,Manakara,MG,2022-07-13 11:07:22,-22.1333,48.0167,72.21,72,31,5.86
436,Phayakkhaphum Phisai,TH,2022-07-13 11:10:48,15.5163,103.1937,84.42,80,100,8.95
437,Westport,US,2022-07-13 11:10:49,41.1415,-73.3579,77.38,81,0,5.75
438,Hofn,IS,2022-07-13 11:10:49,64.2539,-15.2082,51.31,64,34,12.33
439,Pierre,US,2022-07-13 11:10:49,44.3683,-100.351,64.85,80,0,5.75
440,Kailua,US,2022-07-13 11:08:53,21.4022,-157.7394,76.98,85,75,12.66
441,Cockburn Town,TC,2022-07-13 11:10:50,21.4612,-71.1419,81.3,79,1,17.22
442,Dzaoudzi,YT,2022-07-13 11:10:50,-12.7887,45.2699,80.49,69,75,13.8
443,Sept-Iles,CA,2022-07-13 11:10:51,50.2001,-66.3821,57.06,89,67,4.0
444,Valley City,US,2022-07-13 11:10:51,46.9233,-98.0032,57.72,100,0,0.0
445,Eyl,SO,2022-07-13 11:10:52,7.9803,49.8164,94.14,32,90,27.65
446,Lerwick,GB,2022-07-13 11:10:52,60.1545,-1.1494,53.6,89,100,24.34
447,Penhold,CA,2022-07-13 11:10:52,52.1334,-113.8687,50.85,80,1,8.9
448,San Patricio,US,2022-07-13 11:10:53,28.017,-97.5169,84.88,88,60,5.06
449,Houston,US,2022-07-13 11:09:08,29.7633,-95.3633,82.09,88,40,3.44
450,Ambanja,MG,2022-07-13 11:10:53,-13.6833,48.45,84.81,48,5,9.15
451,Traverse City,US,2022-07-13 11:10:54,44.7631,-85.6206,62.67,88,100,0.0
452,Elmira,US,2022-07-13 11:08:46,42.0898,-76.8077,65.89,94,20,0.0
453,Luancheng,CN,2022-07-13 11:10:55,37.8792,114.6517,84.83,62,8,10.04
454,Solwezi,ZM,2022-07-13 11:10:55,-12.1688,26.3894,75.78,30,1,5.86
455,Zlatoust,RU,2022-07-13 11:11:56,55.1711,59.6508,74.12,71,98,4.34
456,Bereda,ES,2022-07-13 11:11:56,43.2686,-7.5406,97.41,24,78,0.98
457,Yinchuan,CN,2022-07-13 11:11:56,38.4681,106.2731,92.84,24,75,11.63
458,Jhinjhak,IN,2022-07-13 11:11:57,26.5667,79.7333,104.99,28,86,6.17
459,Mandalgovi,MN,2022-07-13 11:11:57,45.7625,106.2708,74.62,26,85,7.23
460,Sechura,PE,2022-07-13 11:11:58,-5.5569,-80.8222,60.84,89,24,9.4
461,Coihueco,CL,2022-07-13 11:11:58,-36.6167,-71.8333,43.54,100,100,2.3
462,Usinsk,RU,2022-07-13 11:11:59,65.9939,57.5281,87.84,37,33,6.6
463,Padang,ID,2022-07-13 11:11:59,-0.9492,100.3543,84.25,81,98,3.24
464,Pachino,IT,2022-07-13 11:12:00,36.7186,15.0907,80.1,60,0,7.87
465,Dingle,PH,2022-07-13 11:12:00,10.9995,122.6711,77.94,90,100,3.27
466,Mahajanga,MG,2022-07-13 11:12:00,-15.7167,46.3167,85.96,39,6,6.6
467,Grand-Santi,GF,2022-07-13 11:12:01,4.25,-54.3833,73.44,99,98,1.86
468,Abu Samrah,SY,2022-07-13 11:12:01,35.3029,37.1841,98.31,17,0,13.18
469,Faya,SA,2022-07-13 11:12:02,18.3851,42.4509,62.53,58,100,9.08
470,Katsuura,JP,2022-07-13 11:12:02,35.1333,140.3,74.66,92,91,5.88
471,Ucluelet,CA,2022-07-13 11:07:45,48.9329,-125.5528,52.09,90,88,7.63
472,Wakkanai,JP,2022-07-13 11:12:03,45.4094,141.6739,61.38,91,99,16.28
473,Poum,NC,2022-07-13 11:12:03,-20.2333,164.0167,75.0,92,94,24.61
474,Kapuskasing,CA,2022-07-13 11:12:04,49.4169,-82.4331,46.65,81,56,4.76
475,Ndele,CF,2022-07-13 11:12:04,8.4109,20.6473,75.2,87,100,6.55
476,Tessalit,ML,2022-07-13 11:12:05,20.1986,1.0114,103.98,17,31,10.38
477,Wellington,NZ,2022-07-13 11:12:05,-41.2866,174.7756,55.06,84,20,16.11
478,Beyneu,KZ,2022-07-13 11:12:06,45.3167,55.2,102.09,15,1,8.95
479,Parati,BR,2022-07-13 11:12:06,-23.2178,-44.7131,67.64,97,100,2.86
480,Imbituba,BR,2022-07-13 11:12:07,-28.24,-48.6703,58.86,91,99,3.85
481,Tanout,NE,2022-07-13 11:12:07,14.9709,8.8879,98.17,25,21,12.53
482,Sadiqabad,PK,2022-07-13 11:12:08,28.3062,70.1307,106.45,30,1,10.47
483,Belaya Gora,RU,2022-07-13 11:12:08,68.5333,146.4167,57.67,82,100,17.2
484,Vigrestad,NO,2022-07-13 11:12:09,58.5667,5.7,56.97,77,61,18.92
485,Caravelas,BR,2022-07-13 11:12:09,-17.7125,-39.2481,73.65,74,5,2.84
486,Manuk Mangkaw,PH,2022-07-13 11:12:09,4.8,119.85,82.96,71,99,1.95
487,Ocara,BR,2022-07-13 11:08:33,-4.4908,-38.5967,75.9,79,28,4.63
488,Noumea,NC,2022-07-13 11:08:07,-22.2763,166.4572,73.0,99,97,8.34
489,Manono,CD,2022-07-13 11:12:10,-7.3,27.4167,90.73,27,44,5.44
490,Virginia Beach,US,2022-07-13 11:12:11,36.8529,-75.978,78.04,89,0,12.66
491,Kangalassy,RU,2022-07-13 11:12:11,62.3464,129.9628,76.93,82,61,5.59
492,Chara,RU,2022-07-13 11:12:11,56.9064,118.2631,68.58,70,53,4.38
493,Gouyave,GD,2022-07-13 11:12:12,12.1646,-61.7296,79.57,78,20,11.5
494,Rio Bananal,BR,2022-07-13 11:12:12,-19.265,-40.3333,70.81,74,57,2.57
495,Bad Bramstedt,DE,2022-07-13 11:12:13,53.9167,9.8833,81.41,62,83,5.99
496,Llano De Piedra,PA,2022-07-13 11:12:13,7.6667,-80.5667,75.9,99,100,1.68
497,Andros Town,BS,2022-07-13 11:12:14,24.7,-77.7667,78.76,75,92,9.8
498,Byron Bay,AU,2022-07-13 11:12:14,-28.65,153.6167,51.76,76,32,13.87
499,Jumla,NP,2022-07-13 11:12:14,29.2747,82.1838,67.68,85,98,2.68
500,Firminy,FR,2022-07-13 11:12:15,45.3873,4.2907,89.04,28,0,3.44
501,Henties Bay,NA,2022-07-13 11:12:15,-22.116,14.2845,61.23,74,0,13.44
502,Dunedin,NZ,2022-07-13 11:13:16,-45.8742,170.5036,42.89,96,100,20.13
503,Utrera,ES,2022-07-13 11:13:16,37.1852,-5.7809,103.95,13,0,3.44
504,Hervey Bay,AU,2022-07-13 11:13:17,-25.2986,152.8535,56.48,56,0,16.02
505,Bagan,RU,2022-07-13 11:13:17,54.1001,77.6646,61.23,79,100,8.79
506,Kenai,US,2022-07-13 11:13:17,60.5544,-151.2583,58.03,88,100,3.44
507,Atar,MR,2022-07-13 11:13:18,20.5169,-13.0499,102.65,15,82,1.19
508,Tema,GH,2022-07-13 11:13:18,5.667,-0.0166,77.14,76,100,9.55
509,Chapais,CA,2022-07-13 11:13:19,49.7834,-74.8492,51.58,80,49,4.94
510,Ozernovskiy,RU,2022-07-13 11:13:19,51.5,156.5167,52.21,98,96,1.54
511,Trinidad,BO,2022-07-13 11:13:20,-14.8333,-64.9,60.78,82,40,3.44
512,Boa Vista,BR,2022-07-13 11:13:21,2.8197,-60.6733,76.98,88,40,4.61
513,Talnakh,RU,2022-07-13 11:13:21,69.4865,88.3972,56.21,42,72,9.04
514,Chateaudun,FR,2022-07-13 11:13:21,48.0833,1.3333,91.6,21,90,1.9
515,Pavullo Nel Frignano,IT,2022-07-13 11:13:22,44.3315,10.835,84.13,31,0,6.58
516,Hutang,CN,2022-07-13 11:13:23,31.5333,119.4833,89.53,62,95,4.72
517,Solnechnyy,RU,2022-07-13 11:13:23,50.7214,136.6319,64.35,96,62,4.83
518,Oksfjord,NO,2022-07-13 11:13:23,70.2396,22.3479,75.27,84,84,4.68
519,Estacion Coahuila,MX,2022-07-13 11:13:24,32.1939,-115.0017,85.5,69,33,11.95
520,Ahuimanu,US,2022-07-13 11:13:24,21.4447,-157.8378,76.71,85,75,12.66
521,Comodoro Rivadavia,AR,2022-07-13 11:12:41,-45.8667,-67.5,33.66,64,0,9.22
522,Villa Carlos Paz,AR,2022-07-13 11:13:25,-31.4241,-64.4978,49.89,31,0,15.99
523,Gravdal,NO,2022-07-13 11:13:25,68.1214,13.5031,58.89,72,40,17.27
524,Ibra,OM,2022-07-13 11:13:26,22.6906,58.5334,96.01,43,99,7.49
525,Kadhan,PK,2022-07-13 11:13:26,24.481,68.9859,94.15,56,93,10.54
526,Bodden Town,KY,2022-07-13 11:13:27,19.2833,-81.25,82.4,81,0,5.01
527,Caldwell,US,2022-07-13 11:12:36,43.6629,-116.6874,76.87,52,0,4.61
528,Copiapo,CL,2022-07-13 11:13:27,-27.3667,-70.3333,51.49,78,7,1.3
529,Sunzha,RU,2022-07-13 11:13:28,43.3211,45.0522,84.54,33,4,6.78
530,Husavik,IS,2022-07-13 11:13:28,66.0449,-17.3389,50.63,65,39,3.8
531,Sterling,US,2022-07-13 11:13:29,39.0062,-77.4286,71.42,94,20,3.44
532,Narino,CO,2022-07-13 11:13:29,5.6089,-75.1766,58.46,98,87,2.73
533,Rundu,NA,2022-07-13 11:13:29,-17.9333,19.7667,76.93,21,0,8.03
534,Moerai,PF,2022-07-13 11:13:30,-22.4333,-151.3333,71.02,63,47,14.07
535,Saint Anthony,US,2022-07-13 11:13:31,45.0205,-93.218,62.49,94,40,4.61
536,Rocha,UY,2022-07-13 11:13:26,-34.4833,-54.3333,36.48,87,6,6.73
537,Lebanon,US,2022-07-13 11:12:35,36.2081,-86.2911,71.82,89,100,0.0
538,Progreso,MX,2022-07-13 11:13:31,21.2833,-89.6667,79.11,87,100,8.41
539,Quang Ngai,VN,2022-07-13 11:13:32,15.1167,108.8,79.81,89,96,3.2
540,Arlit,NE,2022-07-13 11:13:32,18.7369,7.3853,106.97,10,23,11.16
541,Lingao,CN,2022-07-13 11:13:32,19.9103,109.6859,83.84,80,30,15.32
542,Mastic Beach,US,2022-07-13 11:13:33,40.7668,-72.8521,76.21,86,39,3.0
